{
  "trajectory_label": "circle",
  "source": "generated_perfect",
  "waypoint_times": [
    0.0,
    0.22987263318949705,
    0.4597452663789941,
    0.6896178995684912,
    0.9194905327579882,
    1.1493631659474852,
    1.3792357991369824,
    1.6091084323264793,
    1.8389810655159764,
    2.0688536987054733,
    2.2987263318949704,
    2.5285989650844676,
    2.7584715982739647,
    2.988344231463462,
    3.2182168646529585,
    3.4480894978424557,
    3.677962131031953,
    3.90783476422145,
    4.137707397410947,
    4.367580030600444,
    4.597452663789941,
    4.8273252969794385,
    5.057197930168935,
    5.287070563358432,
    5.516943196547929,
    5.746815829737426,
    5.976688462926924,
    6.20656109611642,
    6.436433729305917,
    6.666306362495415,
    6.896178995684911,
    7.126051628874409,
    7.355924262063906,
    7.585796895253402,
    7.8156695284429,
    8.045542161632397,
    8.275414794821893,
    8.50528742801139,
    8.735160061200888,
    8.965032694390384,
    9.194905327579882
  ],
  "duration": 9.42477796076938,
  "num_waypoints": 41,
  "flight_params_used": {
    "center_x": 0.0,
    "center_y": 0.0,
    "center_z": 0.8,
    "radius": 0.45,
    "velocity": 0.3,
    "source": "realistic_parameters"
  },
  "generated_from": "manual_flight_analysis",
  "waypoints_preview": [
    [
      0.0,
      0.0,
      0.0
    ],
    [
      0.09000000000000001,
      0.0,
      0.16000000000000003
    ],
    [
      0.18000000000000002,
      0.0,
      0.32000000000000006
    ],
    [
      0.27,
      0.0,
      0.48
    ],
    [
      0.36000000000000004,
      0.0,
      0.6400000000000001
    ]
  ]
}