{
  "trajectory_label": "spiral",
  "source": "generated_perfect",
  "waypoint_times": [
    0.0,
    0.3448089497842456,
    0.6896178995684912,
    1.0344268493527369,
    1.3792357991369824,
    1.7240447489212278,
    2.0688536987054738,
    2.4136626484897192,
    2.7584715982739647,
    3.10328054805821,
    3.4480894978424557,
    3.7928984476267016,
    4.1377073974109475,
    4.482516347195193,
    4.8273252969794385,
    5.172134246763684,
    5.516943196547929,
    5.861752146332175,
    6.20656109611642,
    6.551370045900666,
    6.896178995684911,
    7.240987945469158,
    7.585796895253403,
    7.930605845037649,
    8.275414794821895,
    8.62022374460614,
    8.965032694390386,
    9.30984164417463,
    9.654650593958877,
    9.999459543743122,
    10.344268493527368,
    10.689077443311612,
    11.033886393095859,
    11.378695342880105,
    11.72350429266435,
    12.068313242448596,
    12.41312219223284,
    12.757931142017087,
    13.102740091801332,
    13.447549041585578,
    13.792357991369823
  ],
  "duration": 14.137166941154069,
  "num_waypoints": 41,
  "flight_params_used": {
    "center_x": 0.0,
    "center_y": 0.0,
    "center_z": 0.8,
    "radius": 0.45,
    "velocity": 0.3,
    "source": "realistic_parameters"
  },
  "generated_from": "manual_flight_analysis",
  "waypoints_preview": [
    [
      0.0,
      0.0,
      0.0
    ],
    [
      0.09000000000000001,
      0.0,
      0.16000000000000003
    ],
    [
      0.18000000000000002,
      0.0,
      0.32000000000000006
    ],
    [
      0.27,
      0.0,
      0.48
    ],
    [
      0.36000000000000004,
      0.0,
      0.6400000000000001
    ]
  ]
}