{
  "trajectory_label": "square",
  "source": "generated_perfect",
  "waypoint_times": [
    0.0,
    0.255414036877219,
    0.510828073754438,
    0.7662421106316569,
    1.021656147508876,
    1.277070184386095,
    1.5324842212633139,
    1.7878982581405327,
    2.043312295017752,
    2.298726331894971,
    2.55414036877219,
    2.8095544056494086,
    3.0649684425266277,
    3.320382479403847,
    3.5757965162810654,
    3.8312105531582845,
    4.086624590035504,
    4.342038626912722,
    4.597452663789942,
    4.85286670066716,
    5.10828073754438,
    5.363694774421599,
    5.619108811298817,
    5.874522848176037,
    6.129936885053255,
    6.385350921930474,
    6.640764958807694,
    6.896178995684912,
    7.151593032562131,
    7.40700706943935,
    7.662421106316569,
    7.917835143193789,
    8.173249180071007,
    8.428663216948227,
    8.684077253825444,
    8.939491290702664,
    9.194905327579884,
    9.450319364457101,
    9.70573340133432,
    9.96114743821154,
    10.21656147508876
  ],
  "duration": 10.471975511965978,
  "num_waypoints": 41,
  "flight_params_used": {
    "center_x": 0.0,
    "center_y": 0.0,
    "center_z": 0.8,
    "radius": 0.5,
    "velocity": 0.3,
    "source": "realistic_parameters"
  },
  "generated_from": "manual_flight_analysis",
  "waypoints_preview": [
    [
      0.0,
      0.0,
      0.0
    ],
    [
      0.1,
      0.1,
      0.16
    ],
    [
      0.2,
      0.2,
      0.32
    ],
    [
      0.30000000000000004,
      0.30000000000000004,
      0.48
    ],
    [
      0.4,
      0.4,
      0.64
    ]
  ]
}