{
  "trajectory_label": "spiral",
  "source": "generated_perfect",
  "waypoint_times": [
    0.0,
    0.3831210553158284,
    0.7662421106316568,
    1.1493631659474852,
    1.5324842212633136,
    1.915605276579142,
    2.2987263318949704,
    2.681847387210799,
    3.0649684425266273,
    3.4480894978424557,
    3.831210553158284,
    4.2143316084741125,
    4.597452663789941,
    4.980573719105769,
    5.363694774421598,
    5.746815829737426,
    6.1299368850532545,
    6.513057940369083,
    6.896178995684911,
    7.27930005100074,
    7.662421106316568,
    8.045542161632397,
    8.428663216948225,
    8.811784272264052,
    9.194905327579882,
    9.578026382895711,
    9.961147438211539,
    10.344268493527366,
    10.727389548843195,
    11.110510604159025,
    11.493631659474852,
    11.87675271479068,
    12.259873770106509,
    12.642994825422338,
    13.026115880738166,
    13.409236936053993,
    13.792357991369823,
    14.175479046685652,
    14.55860010200148,
    14.941721157317307,
    15.324842212633136
  ],
  "duration": 15.707963267948966,
  "num_waypoints": 41,
  "flight_params_used": {
    "center_x": 0.0,
    "center_y": 0.0,
    "center_z": 0.8,
    "radius": 0.5,
    "velocity": 0.3,
    "source": "realistic_parameters"
  },
  "generated_from": "manual_flight_analysis",
  "waypoints_preview": [
    [
      0.0,
      0.0,
      0.0
    ],
    [
      0.1,
      0.0,
      0.16000000000000003
    ],
    [
      0.2,
      0.0,
      0.32000000000000006
    ],
    [
      0.3,
      0.0,
      0.48
    ],
    [
      0.4,
      0.0,
      0.6400000000000001
    ]
  ]
}