{
  "trajectory_label": "figure8",
  "source": "generated_perfect",
  "waypoint_times": [
    0.0,
    0.30649684425266277,
    0.6129936885053255,
    0.9194905327579883,
    1.225987377010651,
    1.5324842212633139,
    1.8389810655159766,
    2.1454779097686396,
    2.451974754021302,
    2.7584715982739647,
    3.0649684425266277,
    3.3714652867792907,
    3.6779621310319532,
    3.984458975284616,
    4.290955819537279,
    4.597452663789942,
    4.903949508042604,
    5.210446352295267,
    5.516943196547929,
    5.823440040800593,
    6.129936885053255,
    6.436433729305918,
    6.742930573558581,
    7.049427417811244,
    7.3559242620639065,
    7.662421106316569,
    7.968917950569232,
    8.275414794821895,
    8.581911639074558,
    8.88840848332722,
    9.194905327579884,
    9.501402171832545,
    9.807899016085209,
    10.114395860337872,
    10.420892704590534,
    10.727389548843197,
    11.033886393095859,
    11.340383237348522,
    11.646880081601186,
    11.953376925853847,
    12.25987377010651
  ],
  "duration": 12.566370614359172,
  "num_waypoints": 41,
  "flight_params_used": {
    "center_x": 0.0,
    "center_y": 0.0,
    "center_z": 0.8,
    "radius": 0.5,
    "velocity": 0.3,
    "source": "realistic_parameters"
  },
  "generated_from": "manual_flight_analysis",
  "waypoints_preview": [
    [
      0.0,
      0.0,
      0.0
    ],
    [
      0.0,
      0.0,
      0.16000000000000003
    ],
    [
      0.0,
      0.0,
      0.32000000000000006
    ],
    [
      0.0,
      0.0,
      0.48
    ],
    [
      0.0,
      0.0,
      0.6400000000000001
    ]
  ]
}