{
  "trajectory_label": "figure8",
  "source": "generated_perfect",
  "waypoint_times": [
    0.0,
    0.2758471598273965,
    0.551694319654793,
    0.8275414794821895,
    1.103388639309586,
    1.3792357991369824,
    1.655082958964379,
    1.9309301187917756,
    2.206777278619172,
    2.4826244384465683,
    2.7584715982739647,
    3.0343187581013615,
    3.310165917928758,
    3.5860130777561543,
    3.861860237583551,
    4.1377073974109475,
    4.413554557238344,
    4.68940171706574,
    4.965248876893137,
    5.241096036720533,
    5.516943196547929,
    5.792790356375327,
    6.068637516202723,
    6.3444846760301195,
    6.620331835857516,
    6.896178995684912,
    7.172026155512309,
    7.447873315339705,
    7.723720475167102,
    7.999567634994499,
    8.275414794821895,
    8.551261954649291,
    8.827109114476688,
    9.102956274304084,
    9.37880343413148,
    9.654650593958877,
    9.930497753786273,
    10.20634491361367,
    10.482192073441066,
    10.758039233268462,
    11.033886393095859
  ],
  "duration": 11.309733552923255,
  "num_waypoints": 41,
  "flight_params_used": {
    "center_x": 0.0,
    "center_y": 0.0,
    "center_z": 0.8,
    "radius": 0.45,
    "velocity": 0.3,
    "source": "realistic_parameters"
  },
  "generated_from": "manual_flight_analysis",
  "waypoints_preview": [
    [
      0.0,
      0.0,
      0.0
    ],
    [
      0.0,
      0.0,
      0.16000000000000003
    ],
    [
      0.0,
      0.0,
      0.32000000000000006
    ],
    [
      0.0,
      0.0,
      0.48
    ],
    [
      0.0,
      0.0,
      0.6400000000000001
    ]
  ]
}