{
  "timestamp": "20251210_201238",
  "episode_id": 1,
  "trajectory_label": null,
  "duration": 23.469398975372314,
  "samples": 442,
  "use_mocap": true,
  "sample_rate": 18.833034474543386,
  "battery_start": 54,
  "battery_end": 43,
  "battery_used": 11
}