{
  "timestamp": "20251210_200206",
  "episode_id": 1,
  "trajectory_label": null,
  "duration": 47.638386249542236,
  "samples": 897,
  "use_mocap": true,
  "sample_rate": 18.829353188021127,
  "battery_start": 71,
  "battery_end": 48,
  "battery_used": 23
}