{
  "timestamp": "20251210_194651",
  "episode_id": 1,
  "trajectory_label": null,
  "duration": 49.04730010032654,
  "samples": 925,
  "use_mocap": true,
  "sample_rate": 18.859345939693053,
  "battery_start": 81,
  "battery_end": 56,
  "battery_used": 25
}