{
  "timestamp": "20251212_192813",
  "episode_id": 1,
  "trajectory_label": "circle",
  "duration": 11.117743015289307,
  "samples": 209,
  "use_mocap": false,
  "sample_rate": 18.798779546584203,
  "battery_start": 61,
  "battery_end": 57,
  "battery_used": 4
}