{
  "timestamp": "20251210_211049",
  "episode_id": 1,
  "trajectory_label": null,
  "duration": 3.7048652172088623,
  "samples": 71,
  "use_mocap": true,
  "sample_rate": 19.163990007034407,
  "battery_start": 21,
  "battery_end": 20,
  "battery_used": 1
}